{
	"patterns": [
		{
			"name": "YouTube",
			"shortcuts": [
				"yt",
				"youtube",
				"videos"
			],
			"dynamic": false,
			"url": "https://www.youtube.com/results?search_query=",
			"base_url": "https://www.youtube.com",
			"bg": "rgba(255, 0, 0, .8)",
			"color": "white"
		},
		{
			"name": "Reddit",
			"shortcuts": [
				"rd",
				"reddit"
			],
			"dynamic": false,
			"url": "https://www.reddit.com/search?q=",
			"base_url": "https://www.reddit.com",
			"bg": "rgba(255, 69, 0, .8)",
			"color": "white"
		},
		{
			"name": "Wikipedia",
			"shortcuts": [
				"wp",
				"wiki",
				"wikip",
				"wikipedia"
			],
			"dynamic": true,
			"base_url": "https://www.wikipedia.org",
			"bg": "#f8f8f8",
			"color": "#222",
			"note": "Begin je zoekopdracht met een taalcode om een Wikipediapagina in een bepaalde taal te bekijken. Als je geen taal opgeeft, zoek je in het Nederlands.",
			"examp": "wiki:en:Queen Elisabeth <b>of</b> wiki:Nederlandse Spoorwegen"
		},
		{
			"name": "Translate",
			"shortcuts": [
				"tr",
				"trans",
				"translate"
			],
			"dynamic": true,
			"bg": "rgba(65, 131, 240, .8)",
			"color": "white",
			"base_url": "https://translate.google.com",
			"note": "Begin je zoekopdracht met twee taalcodes (brontaal-doeltaal) om aan te geven waarvandaan en waarnaartoe je wilt vertalen. Als je enkel een woord of zin intypt, bepaalt Google Translate zelf de geschikte talen.",
			"examp": "tr: nl-en: Goedemiddag"
		},
		{
			"name": "Stack Overflow",
			"shortcuts": [
				"so",
				"stackoverflow",
				"soverflow",
				"stack overflow"
			],
			"dynamic": false,
			"bg": "rgba(244, 128, 36, .8)",
			"color": "white",
			"url": "https://stackoverflow.com/search?q=",
			"base_url": "https://stackoverflow.com"
		},
		{
			"name": "Google Maps",
			"shortcuts": [
				"maps",
				"gmaps",
				"googlemaps",
				"google maps"
			],
			"dynamic": false,
			"bg": "rgba(27, 162, 97, .8)",
			"color": "white",
			"url": "https://www.google.com/maps/search/",
			"base_url": "https://maps.google.com"
		},
		{
			"name": "Twitter",
			"shortcuts": [
				"tw",
				"twitter"
			],
			"dynamic": false,
			"url": "https://www.twitter.com/search?q=",
			"base_url": "https://www.twitter.com",
			"bg": "rgba(29, 161, 242, .8)",
			"color": "white"
		},
		{
			"name": "Wolfram Alpha",
			"shortcuts": [
				"wr",
				"wra",
				"wolfram",
				"wolframalpha",
				"wolfram alpha"
			],
			"dynamic": false,
			"url": "https://www.wolframalpha.com/input/?i=",
			"base_url": "https://www.wolframalpha.com",
			"bg": "rgba(255, 69, 39, .8)",
			"color": "white"
		},
		{
			"name": "DuckDuckGo",
			"shortcuts": [
				"ddg",
				"duckduckgo"
			],
			"dynamic": false,
			"url": "https://duckduckgo.com/?q=",
			"base_url": "https://www.duckduckgo.com",
			"bg": "rgba(222, 88, 51, .8)",
			"color": "white"
		},
		{
			"name": "Bing",
			"shortcuts": [
				"bing"
			],
			"dynamic": false,
			"url": "https://www.bing.com/search?q=",
			"base_url": "https://www.bing.com",
			"bg": "rgba(222, 55, 0, .8)",
			"color": "white"
		}
	]
}